Enrollment,Name,Date,Time
,,,
,,,
,,,
,,,
,,,
,,,
,,,
,,,
,,,
,,,
,,,
,,,
,,,
,,,
,,,
,,,
,,,
,,,
,,,
,,,
,,,
,,,
,,,
,,,
,,,
,,,
156007,kushal,26-02-2019,10:52:48
6007,Kushal,2019-02-26,14:45:10
156062,Monika,2019-02-27,13:31:40
1234,nickson,2020-09-29,08:08:20
1,jasmine,2020-09-29,08:31:55
12876,caspian kimutaipy,2020-09-30,18:20:59
67890,enock mulwa,2020-10-01,12:37:09
123456,namke,2020-10-01,13:16:31
78595,mulmulwas,2020-10-01,17:11:47
1234567,njufuie,2020-10-02,06:02:09
3476,alpha,2020-10-02,10:16:21
893,kalonje,2020-10-02,10:19:29
908,kalon,2020-10-02,10:20:50
4568,chiry,2020-10-02,11:18:17
45683,chiryty,2020-10-02,11:19:42
234,ueuriri,2020-10-02,14:10:58
234,ueuriri,2020-10-02,14:12:13
234,ueuriri,2020-10-02,14:12:44
64758,hdjfkfk,2020-10-02,14:33:25
6475834,hdjfkfkjkk,2020-10-02,14:40:34
123478,susanah,2020-10-03,07:04:23
9068,koko,2020-10-03,07:13:19
23,bor,2020-10-03,08:00:52
567,jose,2020-10-03,09:08:28
56789,nick,2020-10-03,09:36:42
67890,nick0,2020-10-03,09:37:40
678900,nick00,2020-10-03,09:38:21
23456,sdfgghhj,2020-10-05,11:51:28
23456,sdfgghhj,2020-10-05,11:51:59
23456,sdfgghhj,2020-10-05,11:52:21
6758,anko,2020-10-05,12:25:31
5467,uir,2020-10-05,12:27:02
3457,fgjk,2020-10-05,16:55:33
